No.,Quantity,Comment,Designator,Footprint,Value,Manufacturer Part,Manufacturer,Supplier Part,Supplier
1,4,1uF,"C1,C2,C3,C4",C0402,1uF,CL05A105KA5NQNC,SAMSUNG(三星),C52923,LCSC
2,2,10uF,"C5,C12",C0402,10uF,CL05A106MQ5NUNC,SAMSUNG(三星),C15525,LCSC
3,7,100nF,"C6,C8,C9,C10,C11,C13,C14",C0402,100nF,CL05B104KO5NNNC,SAMSUNG(三星),C1525,LCSC
4,1,472192001,CARD1,TF-SMD_472192001,,472192001,MOLEX,C164170,LCSC
5,1,ZX-SH1.0-5PLT,CN1,CONN-SMD_5P-P1.00_ZX-SH1.0-5PLT,,ZX-SH1.0-5PLT,Megastar(兆星),C7430454,LCSC
6,1,QMI8658A,IMU,LGA-14_L3.0-W2.5-P0.50-TL,,QMI8658A,QST(上海矽睿),C3021082,LCSC
7,2,10kΩ,"R1,R2",R0402,10kΩ,0402WGF1002TCE,UNI-ROYAL(厚声),C25744,LCSC
8,2,1MΩ,"R3,R4",R0402,1MΩ,FRC0402J105 TS,FOJAN(富捷),C2906900,LCSC
9,1,TS-1088-AC02016,RST,SW-SMD_L4.0-W2.9-LS5.0-A,,TS-1088-AC02016,XUNPU(讯普),C720475,LCSC
10,1,STM32G030K8T6,STM32,LQFP-32_L7.0-W7.0-P0.80-LS9.0-BL,,STM32G030K8T6,ST(意法半导体),C431631,LCSC
11,1,ICP-20100,U1,LGA-10_L2.0-W2.0-P0.50-TL_ICP-20100,,ICP-20100,TDK InvenSense(应美盛),C5343527,LCSC
12,1,2.4GHz,U2,WIRELM-SMD_AI-THINKER_NF-03,2.4GHz,NF-03,Ai-Thinker(安信可),C115101,LCSC
13,1,ZX-SH1.0-4PWT,U3,CONN-SMD_4P-P1.00_MEGASTAR_ZX-SH1.0-4PWT,,ZX-SH1.0-4PWT,Megastar(兆星),C7430446,LCSC
14,1,MTS4,U4,DFN-4_L1.6-W1.2-P0.60-TL-EP0.8,,MTS4,Mysentech(敏源传感),C18723626,LCSC
15,1,BH-21700-B1BJ001,U5,BAT-SMD_L82.5.5-W25-BH-21700-B1BJ001,,BH-21700-B1BJ001,MYOUNG(美阳),C20606791,LCSC
16,1,SGM2554AYN5G/TR,U6,SOT-23-5_L3.0-W1.7-P0.95-LS2.8-BR,,SGM2554AYN5G/TR,SGMICRO(圣邦微),C183309,LCSC
17,1,ME6211A33M3G-N,U7,SOT-23-3_L2.9-W1.6-P1.90-LS2.8-BR,,ME6211A33M3G-N,MICRONE(南京微盟),C168807,LCSC
,,,,,,,,,
